Fecha;Tasa de política monetaria(Dato fin de mes);Índice de Precios al Consumidor (IPC)(Variación porcentual  mensual);;
dd/mm/aaaa;%;índice;;
28/02/1998;30,00;3,28;;
31/03/1998;30,00;2,60;;
30/04/1998;30,00;2,90;;
31/05/1998;32,00;1,56;;
30/06/1998;32,00;1,22;;
31/07/1998;32,00;0,47;;
31/08/1998;32,00;0,03;;
30/09/1998;32,00;0,29;;
31/10/1998;32,00;0,35;;
30/11/1998;28,00;0,17;;
31/12/1998;26,00;0,91;;
31/01/1999;26,00;2,21;;
28/02/1999;24,00;1,70;;
31/03/1999;20,00;0,94;;
30/04/1999;19,00;0,78;;
31/05/1999;18,00;0,48;;
30/06/1999;18,00;0,28;;
31/07/1999;17,00;0,31;;
31/08/1999;16,00;0,50;;
30/09/1999;16,00;0,33;;
31/10/1999;15,00;0,35;;
30/11/1999;13,00;0,48;;
31/12/1999;12,00;0,53;;
31/01/2000;12,00;1,29;;
29/02/2000;12,00;2,30;;
31/03/2000;12,00;1,71;;
30/04/2000;12,00;1,00;;
31/05/2000;12,00;0,52;;
30/06/2000;12,00;-0,02;;
31/07/2000;12,00;-0,04;;
31/08/2000;12,00;0,32;;
30/09/2000;12,00;0,43;;
31/10/2000;12,00;0,15;;
30/11/2000;12,00;0,33;;
31/12/2000;12,00;0,46;;
31/01/2001;12,00;1,05;;
28/02/2001;12,00;1,89;;
31/03/2001;11,50;1,48;;
30/04/2001;11,50;1,15;;
31/05/2001;11,50;0,42;;
30/06/2001;11,50;0,04;;
31/07/2001;11,00;0,11;;
31/08/2001;10,00;0,26;;
30/09/2001;9,50;0,37;;
31/10/2001;9,25;0,19;;
30/11/2001;8,75;0,12;;
31/12/2001;8,50;0,34;;
31/01/2002;8,00;0,80;;
28/02/2002;8,00;1,26;;
31/03/2002;7,25;0,71;;
30/04/2002;6,25;0,92;;
31/05/2002;5,75;0,60;;
30/06/2002;5,25;0,43;;
31/07/2002;5,25;0,02;;
31/08/2002;5,25;0,09;;
30/09/2002;5,25;0,36;;
31/10/2002;5,25;0,56;;
30/11/2002;5,25;0,78;;
31/12/2002;5,25;0,27;;
31/01/2003;6,25;1,17;;
28/02/2003;6,25;1,11;;
31/03/2003;6,25;1,05;;
30/04/2003;7,25;1,15;;
31/05/2003;7,25;0,49;;
30/06/2003;7,25;-0,05;;
31/07/2003;7,25;-0,14;;
31/08/2003;7,25;0,31;;
30/09/2003;7,25;0,22;;
31/10/2003;7,25;0,06;;
30/11/2003;7,25;0,35;;
31/12/2003;7,25;0,61;;
31/01/2004;7,25;0,89;;
29/02/2004;7,00;1,20;;
31/03/2004;6,75;0,98;;
30/04/2004;6,75;0,46;;
31/05/2004;6,75;0,38;;
30/06/2004;6,75;0,60;;
31/07/2004;6,75;-0,03;;
31/08/2004;6,75;0,03;;
30/09/2004;6,75;0,30;;
31/10/2004;6,75;-0,01;;
30/11/2004;6,75;0,28;;
31/12/2004;6,50;0,30;;
31/01/2005;6,50;0,82;;
28/02/2005;6,50;1,02;;
31/03/2005;6,50;0,77;;
30/04/2005;6,50;0,44;;
31/05/2005;6,50;0,41;;
30/06/2005;6,50;0,40;;
31/07/2005;6,50;0,05;;
31/08/2005;6,50;0,00;;
30/09/2005;6,00;0,43;;
31/10/2005;6,00;0,23;;
30/11/2005;6,00;0,11;;
31/12/2005;6,00;0,07;;
31/01/2006;6,00;0,54;;
28/02/2006;6,00;0,66;;
31/03/2006;6,00;0,70;;
30/04/2006;6,00;0,45;;
31/05/2006;6,25;0,33;;
30/06/2006;6,50;0,30;;
31/07/2006;6,50;0,41;;
31/08/2006;6,75;0,39;;
30/09/2006;6,75;0,29;;
31/10/2006;7,25;-0,14;;
30/11/2006;7,25;0,24;;
31/12/2006;7,50;0,23;;
31/01/2007;7,75;0,77;;
28/02/2007;8,00;1,17;;
31/03/2007;8,25;1,21;;
30/04/2007;8,25;0,90;;
31/05/2007;8,75;0,30;;
30/06/2007;9,00;0,12;;
31/07/2007;9,25;0,17;;
31/08/2007;9,25;-0,13;;
30/09/2007;9,25;0,08;;
31/10/2007;9,25;0,01;;
30/11/2007;9,50;0,47;;
31/12/2007;9,50;0,49;;
31/01/2008;9,50;1,06;;
29/02/2008;9,75;1,51;;
31/03/2008;9,75;0,81;;
30/04/2008;9,75;0,71;;
31/05/2008;9,75;0,93;;
30/06/2008;9,75;0,86;;
31/07/2008;10,00;0,48;;
31/08/2008;10,00;0,19;;
30/09/2008;10,00;-0,19;;
31/10/2008;10,00;0,35;;
30/11/2008;10,00;0,28;;
31/12/2008;9,50;0,44;;
31/01/2009;9,50;0,59;;
28/02/2009;9,00;0,84;;
31/03/2009;7,00;0,50;;
30/04/2009;7,00;0,32;;
31/05/2009;6,00;0,01;;
30/06/2009;4,50;-0,06;;
31/07/2009;4,50;-0,04;;
31/08/2009;4,50;0,04;;
30/09/2009;4,00;-0,11;;
31/10/2009;4,00;-0,13;;
30/11/2009;3,50;-0,07;;
31/12/2009;3,50;0,08;;
31/01/2010;3,50;0,69;;
28/02/2010;3,50;0,83;;
31/03/2010;3,50;0,25;;
30/04/2010;3,50;0,46;;
31/05/2010;3,00;0,10;;
30/06/2010;3,00;0,11;;
31/07/2010;3,00;-0,04;;
31/08/2010;3,00;0,11;;
30/09/2010;3,00;-0,14;;
31/10/2010;3,00;-0,09;;
30/11/2010;3,00;0,19;;
31/12/2010;3,00;0,65;;
31/01/2011;3,00;0,91;;
28/02/2011;3,25;0,60;;
31/03/2011;3,50;0,27;;
30/04/2011;3,50;0,12;;
31/05/2011;4,00;0,28;;
30/06/2011;4,25;0,32;;
31/07/2011;4,25;0,14;;
31/08/2011;4,50;-0,03;;
30/09/2011;4,50;0,31;;
31/10/2011;4,50;0,19;;
30/11/2011;4,75;0,14;;
31/12/2011;4,75;0,42;;
31/01/2012;5,00;0,73;;
29/02/2012;5,25;0,61;;
31/03/2012;5,25;0,12;;
30/04/2012;5,25;0,14;;
31/05/2012;5,25;0,30;;
30/06/2012;5,25;0,08;;
31/07/2012;5,00;-0,02;;
31/08/2012;4,75;0,04;;
30/09/2012;4,75;0,29;;
31/10/2012;4,75;0,16;;
30/11/2012;4,50;-0,14;;
31/12/2012;4,25;0,09;;
31/01/2013;4,00;0,30;;
28/02/2013;3,75;0,44;;
31/03/2013;3,25;0,21;;
30/04/2013;3,25;0,25;;
31/05/2013;3,25;0,28;;
30/06/2013;3,25;0,23;;
31/07/2013;3,25;0,04;;
31/08/2013;3,25;0,08;;
30/09/2013;3,25;0,29;;
31/10/2013;3,25;-0,26;;
30/11/2013;3,25;-0,22;;
31/12/2013;3,25;0,26;;
31/01/2014;3,25;0,49;;
28/02/2014;3,25;0,63;;
31/03/2014;3,25;0,39;;
30/04/2014;3,50;0,46;;
31/05/2014;3,50;0,48;;
30/06/2014;4,00;0,09;;
31/07/2014;4,00;0,15;;
31/08/2014;4,25;0,20;;
30/09/2014;4,50;0,14;;
31/10/2014;4,50;0,16;;
30/11/2014;4,50;0,13;;
31/12/2014;4,50;0,27;;
31/01/2015;4,50;0,64;;
28/02/2015;4,50;1,15;;
31/03/2015;4,50;0,59;;
30/04/2015;4,50;0,54;;
31/05/2015;4,50;0,26;;
30/06/2015;4,50;0,10;;
31/07/2015;4,50;0,19;;
31/08/2015;4,50;0,48;;
30/09/2015;4,75;0,72;;
31/10/2015;4,75;0,68;;
30/11/2015;5,50;0,60;;
31/12/2015;5,75;0,62;;
31/01/2016;5,75;1,29;;
29/02/2016;6,25;1,28;;
31/03/2016;6,50;0,94;;
30/04/2016;6,50;0,50;;
31/05/2016;7,25;0,51;;
30/06/2016;7,50;0,48;;
31/07/2016;7,50;0,52;;
31/08/2016;7,75;-0,32;;
30/09/2016;7,75;-0,05;;
31/10/2016;7,75;-0,06;;
30/11/2016;7,75;0,11;;
31/12/2016;7,50;0,42;;
31/01/2017;7,50;1,02;;
28/02/2017;7,25;1,01;;
31/03/2017;7,00;0,47;;
30/04/2017;7,00;0,47;;
31/05/2017;6,25;0,23;;
30/06/2017;6,25;0,11;;
31/07/2017;5,50;-0,05;;
31/08/2017;5,50;0,14;;
30/09/2017;5,25;0,04;;
31/10/2017;5,00;0,02;;
30/11/2017;4,75;0,18;;
31/12/2017;4,75;0,38;;
31/01/2018;4,50;0,63;;
28/02/2018;4,50;0,71;;
31/03/2018;4,50;0,24;;
30/04/2018;4,25;0,46;;
31/05/2018;4,25;0,25;;
30/06/2018;4,25;0,15;;
31/07/2018;4,25;-0,13;;
31/08/2018;4,25;0,12;;
30/09/2018;4,25;0,16;;
31/10/2018;4,25;0,12;;
30/11/2018;4,25;0,12;;
31/12/2018;4,25;0,30;;
31/01/2019;4,25;0,60;;
28/02/2019;4,25;0,57;;
31/03/2019;4,25;0,43;;
30/04/2019;4,25;0,50;;
31/05/2019;4,25;0,31;;
30/06/2019;4,25;0,27;;
31/07/2019;4,25;0,22;;
31/08/2019;4,25;0,09;;
30/09/2019;4,25;0,23;;
31/10/2019;4,25;0,16;;
30/11/2019;4,25;0,10;;
31/12/2019;4,25;0,26;;
31/01/2020;4,25;0,42;;
29/02/2020;4,25;0,67;;
31/03/2020;3,75;0,57;;
30/04/2020;3,75;0,16;;
31/05/2020;3,25;-0,32;;
30/06/2020;2,75;-0,38;;
31/07/2020;2,50;0,00;;
31/08/2020;2,25;-0,01;;
30/09/2020;1,75;0,32;;
31/10/2020;1,75;-0,06;;
30/11/2020;1,75;-0,15;;
31/12/2020;1,75;0,38;;
31/01/2021;1,75;0,41;;
28/02/2021;1,75;0,64;;
31/03/2021;1,75;0,51;;
30/04/2021;1,75;0,59;;
31/05/2021;1,75;1,00;;
30/06/2021;1,75;-0,05;;
31/07/2021;1,75;0,32;;
31/08/2021;1,75;0,45;;
30/09/2021;1,75;0,38;;
31/10/2021;2,00;0,01;;
30/11/2021;2,50;0,50;;
31/12/2021;3,00;0,73;;
31/01/2022;4,00;1,67;;
28/02/2022;4,00;1,63;;
31/03/2022;4,00;1,00;;
30/04/2022;5,00;1,25;;
31/05/2022;6,00;0,84;;
30/06/2022;6,00;0,51;;
31/07/2022;7,50;0,81;;
31/08/2022;9,00;1,02;;
30/09/2022;10,00;0,93;;
31/10/2022;11,00;0,72;;
30/11/2022;11,00;0,77;;
31/12/2022;12,00;1,26;;
31/01/2023;12,75;1,78;;
28/02/2023;12,75;1,66;;
31/03/2023;13,00;1,05;;
30/04/2023;13,00;0,78;;
31/05/2023;13,25;0,43;;
30/06/2023;13,25;0,30;;
31/07/2023;13,25;0,50;;
31/08/2023;13,25;0,70;;
30/09/2023;13,25;0,54;;
31/10/2023;13,25;0,25;;
30/11/2023;13,25;0,47;;
31/12/2023;13,00;0,45;;
31/01/2024;13,00;0,92;;
29/02/2024;12,75;1,09;;
31/03/2024;12,25;0,70;;
30/04/2024;12,25;0,59;;
31/05/2024;11,75;0,43;;
30/06/2024;11,75;0,32;;
31/07/2024;11,25;0,20;;
31/08/2024;10,75;0,00;;
30/09/2024;10,75;0,24;;
31/10/2024;10,25;-0,13;;
30/11/2024;9,75;0,27;;
31/12/2024;9,50;0,46;;
31/01/2025;9,50;0,94;;
28/02/2025;9,50;1,14;;
31/03/2025;9,50;0,52;;
30/04/2025;9,50;0,66;;
31/05/2025;9,25;0,32;;
30/06/2025;9,25;0,10;;
31/07/2025;9,25;0,28;;
31/08/2025;9,25;0,19;;
30/09/2025;9,25;0,32;;
31/10/2025;9,25;0,18;;
30/11/2025;9,25;0,07;;
31/12/2025;9,25;0,27;;
31/01/2026;9,25;1,18;;
28/02/2026;10,25;1,08;;
31/03/2026;10,25;0,78;;
30/04/2026;11,25;0,78;;
31/05/2026;11,25;0,47;;
30/06/2026;11,25;0,39;;
;;;;
;;;;
Descargado de sistema del Banco de la República viernes, 24 de julio de 2026 9:38:31 a.m.;;;;